kr_name,month, monthly_target 
KR-0,"January, 2026","313,024,090.00"
KR-0,"February, 2026","248,858,403.00"
KR-0,"March, 2026","302,568,052.00"
KR-0,"April, 2026","257,779,228.00"
KR-0,"May, 2026","271,668,630.00"
KR-0,"June, 2026","301,632,939.00"
KR-0,"July, 2026","306,243,169.00"
KR-0,"August, 2026","321,338,242.00"
KR-0,"September, 2026","346,075,596.00"
KR-0,"October, 2026","351,657,243.00"
KR-0,"November, 2026","347,032,040.00"
KR-0,"December, 2026","456,828,442.00"
KR-1,"January, 2026","248,874,090.00"
KR-1,"February, 2026","226,608,403.00"
KR-1,"March, 2026","259,668,052.00"
KR-1,"April, 2026","237,379,228.00"
KR-1,"May, 2026","254,968,630.00"
KR-1,"June, 2026","256,632,939.00"
KR-1,"July, 2026","287,593,169.00"
KR-1,"August, 2026","293,438,242.00"
KR-1,"September, 2026","309,925,596.00"
KR-1,"October, 2026","312,257,243.00"
KR-1,"November, 2026","326,832,040.00"
KR-1,"December, 2026","360,478,442.00"
KR-1.1,"January, 2026","92,641,999"
KR-1.1,"February, 2026","93,725,716"
KR-1.1,"March, 2026","102,163,718"
KR-1.1,"April, 2026","97,141,283"
KR-1.1,"May, 2026","105,052,363"
KR-1.1,"June, 2026","104,334,371"
KR-1.1,"July, 2026","110,750,879"
KR-1.1,"August, 2026","115,017,978"
KR-1.1,"September, 2026","125,002,217"
KR-1.1,"October, 2026","138,634,858"
KR-1.1,"November, 2026","147,340,059"
KR-1.1,"December, 2026","168,420,370"
KR-1.1.1,"January, 2026",90
KR-1.1.1,"February, 2026",90
KR-1.1.1,"March, 2026",90
KR-1.1.1,"April, 2026",90
KR-1.1.1,"May, 2026",90
KR-1.1.1,"June, 2026",90
KR-1.1.1,"July, 2026",90
KR-1.1.1,"August, 2026",90
KR-1.1.1,"September, 2026",90
KR-1.1.1,"October, 2026",90
KR-1.1.1,"November, 2026",90
KR-1.1.1,"December, 2026",90
KR-1.2,"January, 2026","5,312,620.00"
KR-1.2,"February, 2026","5,374,767.00"
KR-1.2,"March, 2026","5,858,650.00"
KR-1.2,"April, 2026","5,570,635.00"
KR-1.2,"May, 2026","6,024,301.00"
KR-1.2,"June, 2026","5,983,127.00"
KR-1.2,"July, 2026","6,351,086.00"
KR-1.2,"August, 2026","6,595,786.00"
KR-1.2,"September, 2026","7,168,339.00"
KR-1.2,"October, 2026","7,950,113.00"
KR-1.2,"November, 2026","8,449,319.00"
KR-1.2,"December, 2026","9,658,184.00"
KR-1.2.1,"January, 2026","5,312,620.00"
KR-1.2.1,"February, 2026","5,374,767.00"
KR-1.2.1,"March, 2026","5,858,650.00"
KR-1.2.1,"April, 2026","5,570,635.00"
KR-1.2.1,"May, 2026","6,024,301.00"
KR-1.2.1,"June, 2026","5,983,127.00"
KR-1.2.1,"July, 2026","6,351,086.00"
KR-1.2.1,"August, 2026","6,595,786.00"
KR-1.2.1,"September, 2026","7,168,339.00"
KR-1.2.1,"October, 2026","7,950,113.00"
KR-1.2.1,"November, 2026","8,449,319.00"
KR-1.2.1,"December, 2026","9,658,184.00"
KR-1.3,"January, 2026","30,674,755.00"
KR-1.3,"February, 2026","32,936,109.00"
KR-1.3,"March, 2026","36,500,321.00"
KR-1.3,"April, 2026","30,516,563.00"
KR-1.3,"May, 2026","42,697,818.00"
KR-1.3,"June, 2026","46,103,208.00"
KR-1.3,"July, 2026","50,894,920.00"
KR-1.3,"August, 2026","56,125,491.00"
KR-1.3,"September, 2026","62,701,032.00"
KR-1.3,"October, 2026","70,521,139.00"
KR-1.3,"November, 2026","78,506,413.00"
KR-1.3,"December, 2026","89,190,550.00"
KR-1.3.1,"January, 2026",486
KR-1.3.1,"February, 2026",492
KR-1.3.1,"March, 2026",497
KR-1.3.1,"April, 2026",503
KR-1.3.1,"May, 2026",509
KR-1.3.1,"June, 2026",515
KR-1.3.1,"July, 2026",522
KR-1.3.1,"August, 2026",529
KR-1.3.1,"September, 2026",536
KR-1.3.1,"October, 2026",543
KR-1.3.1,"November, 2026",550
KR-1.3.1,"December, 2026",557
KR-1.3.2,"January, 2026","17,804,622"
KR-1.3.2,"February, 2026","19,915,423"
KR-1.3.2,"March, 2026","22,307,400"
KR-1.3.2,"April, 2026","25,021,175"
KR-1.3.2,"May, 2026","28,103,597"
KR-1.3.2,"June, 2026","31,608,733"
KR-1.3.2,"July, 2026","35,599,042"
KR-1.3.2,"August, 2026","40,146,723"
KR-1.3.2,"September, 2026","45,335,311"
KR-1.3.2,"October, 2026","51,261,526"
KR-1.3.2,"November, 2026","58,037,444"
KR-1.3.2,"December, 2026","65,793,035"
KR-1.3.3,"January, 2026","1,828,723.00"
KR-1.3.3,"February, 2026","1,850,115.00"
KR-1.3.3,"March, 2026","2,016,678.00"
KR-1.3.3,"April, 2026","1,917,537.00"
KR-1.3.3,"May, 2026","2,073,699.00"
KR-1.3.3,"June, 2026","2,059,526.00"
KR-1.3.3,"July, 2026","2,186,186.00"
KR-1.3.3,"August, 2026","2,270,417.00"
KR-1.3.3,"September, 2026","2,467,503.00"
KR-1.3.3,"October, 2026","2,736,607.00"
KR-1.3.3,"November, 2026","2,908,345.00"
KR-1.3.3,"December, 2026","3,324,563.00"
KR-1.4,"January, 2026","83,171,420"
KR-1.4,"February, 2026","63,678,118"
KR-1.4,"March, 2026","81,871,867"
KR-1.4,"April, 2026","69,776,023"
KR-1.4,"May, 2026","76,173,825"
KR-1.4,"June, 2026","78,473,034"
KR-1.4,"July, 2026","97,666,439"
KR-1.4,"August, 2026","98,965,992"
KR-1.4,"September, 2026","100,365,511"
KR-1.4,"October, 2026","82,071,798"
KR-1.4,"November, 2026","83,171,420"
KR-1.4,"December, 2026","84,271,042"
KR-2,"January, 2026","64,150,000"
KR-2,"February, 2026","22,250,000"
KR-2,"March, 2026","42,900,000"
KR-2,"April, 2026","20,400,000"
KR-2,"May, 2026","16,700,000"
KR-2,"June, 2026","45,000,000"
KR-2,"July, 2026","18,650,000"
KR-2,"August, 2026","27,900,000"
KR-2,"September, 2026","36,150,000"
KR-2,"October, 2026","39,400,000"
KR-2,"November, 2026","20,200,000"
KR-2,"December, 2026","96,350,000"
KR-2.1,"January, 2026","30,800,000"
KR-2.1,"February, 2026","8,000,000"
KR-2.1,"March, 2026","3,000,000"
KR-2.1,"April, 2026","4,000,000"
KR-2.1,"May, 2026","2,450,000"
KR-2.1,"June, 2026","9,800,000"
KR-2.1,"July, 2026","3,500,000"
KR-2.1,"August, 2026","15,000,000"
KR-2.1,"September, 2026","9,800,000"
KR-2.1,"October, 2026","12,000,000"
KR-2.1,"November, 2026","700,000"
KR-2.1,"December, 2026","21,000,000"
KR-2.1.1,"January, 2026","1,800,000.00"
KR-2.1.1,"February, 2026","1,000,000.00"
KR-2.1.1,"March, 2026","3,000,000.00"
KR-2.1.1,"April, 2026","4,000,000.00"
KR-2.1.1,"May, 2026","2,450,000.00"
KR-2.1.1,"June, 2026","9,800,000.00"
KR-2.1.1,"July, 2026","3,500,000.00"
KR-2.1.1,"August, 2026","4,000,000.00"
KR-2.1.1,"September, 2026","9,800,000.00"
KR-2.1.1,"October, 2026","12,000,000.00"
KR-2.1.1,"November, 2026","700,000.00"
KR-2.1.1,"December, 2026","4,000,000.00"
KR-2.1.2,"January, 2026","29,000,000"
KR-2.1.2,"February, 2026","7,000,000"
KR-2.1.2,"March, 2026",0
KR-2.1.2,"April, 2026",0
KR-2.1.2,"May, 2026",0
KR-2.1.2,"June, 2026",0
KR-2.1.2,"July, 2026",0
KR-2.1.2,"August, 2026","11,000,000"
KR-2.1.2,"September, 2026",0
KR-2.1.2,"October, 2026",0
KR-2.1.2,"November, 2026",0
KR-2.1.2,"December, 2026","17,000,000"
KR-2.2,"January, 2026","19,500,000.00"
KR-2.2,"February, 2026","9,000,000.00"
KR-2.2,"March, 2026","29,500,000.00"
KR-2.2,"April, 2026","9,000,000.00"
KR-2.2,"May, 2026","9,000,000.00"
KR-2.2,"June, 2026","29,500,000.00"
KR-2.2,"July, 2026","9,000,000.00"
KR-2.2,"August, 2026","9,000,000.00"
KR-2.2,"September, 2026","19,000,000.00"
KR-2.2,"October, 2026","19,000,000.00"
KR-2.2,"November, 2026","9,000,000.00"
KR-2.2,"December, 2026","59,500,000.00"
KR-2.2.1,"January, 2026","40,695,652.00"
KR-2.2.1,"February, 2026","18,782,609.00"
KR-2.2.1,"March, 2026","61,565,217.00"
KR-2.2.1,"April, 2026","18,782,609.00"
KR-2.2.1,"May, 2026","18,782,609.00"
KR-2.2.1,"June, 2026","61,565,217.00"
KR-2.2.1,"July, 2026","18,782,609.00"
KR-2.2.1,"August, 2026","18,782,609.00"
KR-2.2.1,"September, 2026","39,652,174.00"
KR-2.2.1,"October, 2026","39,652,174.00"
KR-2.2.1,"November, 2026","18,782,609.00"
KR-2.2.1,"December, 2026","124,173,913.00"
KR-2.2.2,"January, 2026",25
KR-2.2.2,"February, 2026",25
KR-2.2.2,"March, 2026",25
KR-2.2.2,"April, 2026",25
KR-2.2.2,"May, 2026",25
KR-2.2.2,"June, 2026",25
KR-2.2.2,"July, 2026",25
KR-2.2.2,"August, 2026",25
KR-2.2.2,"September, 2026",25
KR-2.2.2,"October, 2026",25
KR-2.2.2,"November, 2026",25
KR-2.2.2,"December, 2026",25
KR-2.2.3,"January, 2026","9,326,087.00"
KR-2.2.3,"February, 2026","4,304,348.00"
KR-2.2.3,"March, 2026","14,108,696.00"
KR-2.2.3,"April, 2026","4,304,348.00"
KR-2.2.3,"May, 2026","4,304,348.00"
KR-2.2.3,"June, 2026","14,108,696.00"
KR-2.2.3,"July, 2026","4,304,348.00"
KR-2.2.3,"August, 2026","4,304,348.00"
KR-2.2.3,"September, 2026","9,086,957.00"
KR-2.2.3,"October, 2026","9,086,957.00"
KR-2.2.3,"November, 2026","4,304,348.00"
KR-2.2.3,"December, 2026","28,456,522.00"
KR-2.3,"January, 2026","8,000,000"
KR-2.3,"February, 2026","3,000,000"
KR-2.3,"March, 2026","5,000,000"
KR-2.3,"April, 2026","2,000,000"
KR-2.3,"May, 2026","3,000,000"
KR-2.3,"June, 2026","3,000,000"
KR-2.3,"July, 2026","3,000,000"
KR-2.3,"August, 2026","3,000,000"
KR-2.3,"September, 2026","6,000,000"
KR-2.3,"October, 2026","3,000,000"
KR-2.3,"November, 2026","6,000,000"
KR-2.3,"December, 2026","10,000,000"
KR-2.3.1,"January, 2026","80,000,000.00"
KR-2.3.1,"February, 2026","30,000,000.00"
KR-2.3.1,"March, 2026","50,000,000.00"
KR-2.3.1,"April, 2026","29,000,000.00"
KR-2.3.1,"May, 2026","30,000,000.00"
KR-2.3.1,"June, 2026","30,000,000.00"
KR-2.3.1,"July, 2026","30,000,000.00"
KR-2.3.1,"August, 2026","30,000,000.00"
KR-2.3.1,"September, 2026","60,000,000.00"
KR-2.3.1,"October, 2026","39,000,000.00"
KR-2.3.1,"November, 2026","60,000,000.00"
KR-2.3.1,"December, 2026","100,000,000.00"
KR-2.3.2,"January, 2026",10
KR-2.3.2,"February, 2026",10
KR-2.3.2,"March, 2026",10
KR-2.3.2,"April, 2026",10
KR-2.3.2,"May, 2026",10
KR-2.3.2,"June, 2026",10
KR-2.3.2,"July, 2026",10
KR-2.3.2,"August, 2026",10
KR-2.3.2,"September, 2026",10
KR-2.3.2,"October, 2026",10
KR-2.3.2,"November, 2026",10
KR-2.3.2,"December, 2026",10
KR-2.4,"January, 2026","5,850,000.00"
KR-2.4,"February, 2026","2,250,000.00"
KR-2.4,"March, 2026","5,400,000.00"
KR-2.4,"April, 2026","5,400,000.00"
KR-2.4,"May, 2026","2,250,000.00"
KR-2.4,"June, 2026","2,700,000.00"
KR-2.4,"July, 2026","3,150,000.00"
KR-2.4,"August, 2026","900,000.00"
KR-2.4,"September, 2026","1,350,000.00"
KR-2.4,"October, 2026","5,400,000.00"
KR-2.4,"November, 2026","4,500,000.00"
KR-2.4,"December, 2026","5,850,000.00"
KR-2.4.1,"January, 2026","58,500,000.00"
KR-2.4.1,"February, 2026","22,500,000.00"
KR-2.4.1,"March, 2026","54,000,000.00"
KR-2.4.1,"April, 2026","54,000,000.00"
KR-2.4.1,"May, 2026","22,500,000.00"
KR-2.4.1,"June, 2026","27,000,000.00"
KR-2.4.1,"July, 2026","31,500,000.00"
KR-2.4.1,"August, 2026","9,000,000.00"
KR-2.4.1,"September, 2026","13,500,000.00"
KR-2.4.1,"October, 2026","54,000,000.00"
KR-2.4.1,"November, 2026","45,000,000.00"
KR-2.4.1,"December, 2026","58,500,000.00"
KR-2.4.2,"January, 2026",10
KR-2.4.2,"February, 2026",10
KR-2.4.2,"March, 2026",10
KR-2.4.2,"April, 2026",10
KR-2.4.2,"May, 2026",10
KR-2.4.2,"June, 2026",10
KR-2.4.2,"July, 2026",10
KR-2.4.2,"August, 2026",10
KR-2.4.2,"September, 2026",10
KR-2.4.2,"October, 2026",10
KR-2.4.2,"November, 2026",10
KR-2.4.2,"December, 2026",10
KR-3.1,"January, 2026",0
KR-3.1,"February, 2026",0
KR-3.1,"March, 2026",0
KR-3.1,"April, 2026",0
KR-3.1,"May, 2026",0
KR-3.1,"June, 2026",0
KR-3.1,"July, 2026",0
KR-3.1,"August, 2026",0
KR-3.1,"September, 2026",0
KR-3.1,"October, 2026",0
KR-3.1,"November, 2026",0
KR-3.1,"December, 2026",25.7
KR-3.2,"January, 2026",45
KR-3.2,"February, 2026",45
KR-3.2,"March, 2026",45
KR-3.2,"April, 2026",45
KR-3.2,"May, 2026",45
KR-3.2,"June, 2026",45
KR-3.2,"July, 2026",45
KR-3.2,"August, 2026",45
KR-3.2,"September, 2026",45
KR-3.2,"October, 2026",45
KR-3.2,"November, 2026",45
KR-3.2,"December, 2026",45
KR-4.1,"January, 2026","1,655,039.00"
KR-4.1,"February, 2026","1,522,464.00"
KR-4.1,"March, 2026","1,685,164.00"
KR-4.1,"April, 2026","1,605,631.00"
KR-4.1,"May, 2026","1,691,602.00"
KR-4.1,"June, 2026","1,678,171.00"
KR-4.1,"July, 2026","1,469,587.00"
KR-4.1,"August, 2026","1,592,092.00"
KR-4.1,"September, 2026","1,731,443.00"
KR-4.1,"October, 2026","1,835,464.00"
KR-4.1,"November, 2026","1,957,836.00"
KR-4.1,"December, 2026","2,130,926.00"
KR-4.1.1,"January, 2026",57
KR-4.1.1,"February, 2026",57
KR-4.1.1,"March, 2026",57
KR-4.1.1,"April, 2026",57
KR-4.1.1,"May, 2026",57
KR-4.1.1,"June, 2026",57
KR-4.1.1,"July, 2026",57
KR-4.1.1,"August, 2026",57
KR-4.1.1,"September, 2026",57
KR-4.1.1,"October, 2026",57
KR-4.1.1,"November, 2026",57
KR-4.1.1,"December, 2026",57
KR-4.2,"January, 2026",559
KR-4.2,"February, 2026",515
KR-4.2,"March, 2026",568
KR-4.2,"April, 2026",525
KR-4.2,"May, 2026",556
KR-4.2,"June, 2026",551
KR-4.2,"July, 2026",491
KR-4.2,"August, 2026",517
KR-4.2,"September, 2026",548
KR-4.2,"October, 2026",582
KR-4.2,"November, 2026",621
KR-4.2,"December, 2026",675
KR-4.2.1,"January, 2026","1,188.00"
KR-4.2.1,"February, 2026","1,094.00"
KR-4.2.1,"March, 2026","1,206.00"
KR-4.2.1,"April, 2026","1,116.00"
KR-4.2.1,"May, 2026","1,182.00"
KR-4.2.1,"June, 2026","1,171.00"
KR-4.2.1,"July, 2026",981
KR-4.2.1,"August, 2026","1,062.00"
KR-4.2.1,"September, 2026","1,158.00"
KR-4.2.1,"October, 2026","1,228.00"
KR-4.2.1,"November, 2026","1,311.00"
KR-4.2.1,"December, 2026","1,426.00"
KR-4.2.2,"January, 2026","1,728.00"
KR-4.2.2,"February, 2026","1,591.00"
KR-4.2.2,"March, 2026","1,755.00"
KR-4.2.2,"April, 2026","1,623.00"
KR-4.2.2,"May, 2026","1,720.00"
KR-4.2.2,"June, 2026","1,703.00"
KR-4.2.2,"July, 2026","1,605.00"
KR-4.2.2,"August, 2026","1,738.00"
KR-4.2.2,"September, 2026","1,894.00"
KR-4.2.2,"October, 2026","2,009.00"
KR-4.2.2,"November, 2026","2,145.00"
KR-4.2.2,"December, 2026","2,333.00"
KR-4.2.3,"January, 2026","4,220.00"
KR-4.2.3,"February, 2026","3,785.00"
KR-4.2.3,"March, 2026","4,197.00"
KR-4.2.3,"April, 2026","3,687.00"
KR-4.2.3,"May, 2026","3,775.00"
KR-4.2.3,"June, 2026","3,805.00"
KR-4.2.3,"July, 2026","3,902.00"
KR-4.2.3,"August, 2026","4,166.00"
KR-4.2.3,"September, 2026","4,552.00"
KR-4.2.3,"October, 2026","4,996.00"
KR-4.2.3,"November, 2026","5,286.00"
KR-4.2.3,"December, 2026","6,899.00"
KR-4.2.4,"January, 2026","2,715.00"
KR-4.2.4,"February, 2026","2,500.00"
KR-4.2.4,"March, 2026","2,758.00"
KR-4.2.4,"April, 2026","2,550.00"
KR-4.2.4,"May, 2026","2,703.00"
KR-4.2.4,"June, 2026","2,677.00"
KR-4.2.4,"July, 2026","2,523.00"
KR-4.2.4,"August, 2026","2,390.00"
KR-4.2.4,"September, 2026","2,315.00"
KR-4.2.4,"October, 2026","2,455.00"
KR-4.2.4,"November, 2026","2,621.00"
KR-4.2.4,"December, 2026","2,851.00"
KR-5.1.1,"January, 2026",90
KR-5.1.1,"February, 2026",90
KR-5.1.1,"March, 2026",90
KR-5.1.1,"April, 2026",90
KR-5.1.1,"May, 2026",90
KR-5.1.1,"June, 2026",90
KR-5.1.1,"July, 2026",90
KR-5.1.1,"August, 2026",90
KR-5.1.1,"September, 2026",90
KR-5.1.1,"October, 2026",90
KR-5.1.1,"November, 2026",90
KR-5.1.1,"December, 2026",90
KR-5.1.2,"January, 2026",90
KR-5.1.2,"February, 2026",90
KR-5.1.2,"March, 2026",90
KR-5.1.2,"April, 2026",90
KR-5.1.2,"May, 2026",90
KR-5.1.2,"June, 2026",90
KR-5.1.2,"July, 2026",90
KR-5.1.2,"August, 2026",90
KR-5.1.2,"September, 2026",90
KR-5.1.2,"October, 2026",90
KR-5.1.2,"November, 2026",90
KR-5.1.2,"December, 2026",90
KR-5.1.3,"January, 2026",95
KR-5.1.3,"February, 2026",95
KR-5.1.3,"March, 2026",95
KR-5.1.3,"April, 2026",95
KR-5.1.3,"May, 2026",95
KR-5.1.3,"June, 2026",95
KR-5.1.3,"July, 2026",95
KR-5.1.3,"August, 2026",95
KR-5.1.3,"September, 2026",95
KR-5.1.3,"October, 2026",95
KR-5.1.3,"November, 2026",95
KR-5.1.3,"December, 2026",95
KR-5.1.4,"January, 2026",80
KR-5.1.4,"February, 2026",80
KR-5.1.4,"March, 2026",80
KR-5.1.4,"April, 2026",80
KR-5.1.4,"May, 2026",80
KR-5.1.4,"June, 2026",80
KR-5.1.4,"July, 2026",80
KR-5.1.4,"August, 2026",80
KR-5.1.4,"September, 2026",80
KR-5.1.4,"October, 2026",80
KR-5.1.4,"November, 2026",80
KR-5.1.4,"December, 2026",80
KR-5.2.1,"January, 2026",4.7
KR-5.2.1,"February, 2026",4.7
KR-5.2.1,"March, 2026",4.7
KR-5.2.1,"April, 2026",4.7
KR-5.2.1,"May, 2026",4.7
KR-5.2.1,"June, 2026",4.7
KR-5.2.1,"July, 2026",4.7
KR-5.2.1,"August, 2026",4.7
KR-5.2.1,"September, 2026",4.7
KR-5.2.1,"October, 2026",4.7
KR-5.2.1,"November, 2026",4.7
KR-5.2.1,"December, 2026",4.7
KR-5.2.2,"January, 2026",15
KR-5.2.2,"February, 2026",15
KR-5.2.2,"March, 2026",15
KR-5.2.2,"April, 2026",15
KR-5.2.2,"May, 2026",15
KR-5.2.2,"June, 2026",15
KR-5.2.2,"July, 2026",15
KR-5.2.2,"August, 2026",15
KR-5.2.2,"September, 2026",15
KR-5.2.2,"October, 2026",15
KR-5.2.2,"November, 2026",15
KR-5.2.2,"December, 2026",15
KR-5.3.1,"January, 2026",40
KR-5.3.1,"February, 2026",40
KR-5.3.1,"March, 2026",39
KR-5.3.1,"April, 2026",39
KR-5.3.1,"May, 2026",38
KR-5.3.1,"June, 2026",37
KR-5.3.1,"July, 2026",36
KR-5.3.1,"August, 2026",36
KR-5.3.1,"September, 2026",35
KR-5.3.1,"October, 2026",34
KR-5.3.1,"November, 2026",33
KR-5.3.1,"December, 2026",33
KR-5.3.2,"January, 2026",17
KR-5.3.2,"February, 2026",17
KR-5.3.2,"March, 2026",17
KR-5.3.2,"April, 2026",17
KR-5.3.2,"May, 2026",16
KR-5.3.2,"June, 2026",16
KR-5.3.2,"July, 2026",16
KR-5.3.2,"August, 2026",15
KR-5.3.2,"September, 2026",15
KR-5.3.2,"October, 2026",15
KR-5.3.2,"November, 2026",14
KR-5.3.2,"December, 2026",14
KR-5.4.1,"January, 2026",1
KR-5.4.1,"February, 2026",1
KR-5.4.1,"March, 2026",1
KR-5.4.1,"April, 2026",2
KR-5.4.1,"May, 2026",2
KR-5.4.1,"June, 2026",2
KR-5.4.1,"July, 2026",3
KR-5.4.1,"August, 2026",3
KR-5.4.1,"September, 2026",3
KR-5.4.1,"October, 2026",4
KR-5.4.1,"November, 2026",5
KR-5.4.1,"December, 2026",5
KR-5.4.2,"January, 2026",0.2
KR-5.4.2,"February, 2026",0.4
KR-5.4.2,"March, 2026",0.5
KR-5.4.2,"April, 2026",0.7
KR-5.4.2,"May, 2026",1
KR-5.4.2,"June, 2026",1.3
KR-5.4.2,"July, 2026",1.7
KR-5.4.2,"August, 2026",2.2
KR-5.4.2,"September, 2026",2.4
KR-5.4.2,"October, 2026",2.7
KR-5.4.2,"November, 2026",2.9
KR-5.4.2,"December, 2026",3
